100	💯
abacus	🧮
accordion	🪗
airplane	✈️
alembic	⚗️
alien	👽
ambulance	🚑
amphora	🏺
anchor	⚓
angry	😠
ant	🐜
artist	🧑‍🎨
astronaut	🧑‍🚀
automobile	🚗
avocado	🥑
axe	🪓
baby	👶
backpack	🎒
bacon	🥓
badger	🦡
badminton	🏸
bagel	🥯
balloon	🎈
banana	🍌
banjo	🪕
bank	🏦
baseball	⚾
basket	🧺
basketball	🏀
bat	🦇
bathtub	🛁
battery	🔋
beans	🫘
bear	🐻
beaver	🦫
bed	🛏️
beer	🍺
beetle	🪲
bell	🔔
bicycle	🚲
bikini	👙
biohazard	☣️
bird	🐦
birthday	🎂
bison	🦬
blossom	🌼
blowfish	🐡
blueberries	🫐
boar	🐗
bomb	💣
bone	🦴
bookmark	🔖
books	📚
boomerang	🪃
bouquet	💐
bowling	🎳
boy	👦
brain	🧠
bread	🍞
brick	🧱
briefcase	💼
briefs	🩲
broccoli	🥦
broom	🧹
bubbles	🫧
bucket	🪣
bug	🐛
bullseye	🎯
burrito	🌯
bus	🚌
butter	🧈
butterfly	🦋
bye	👋
cactus	🌵
calendar	📅
camel	🐪
camera	📷
camping	🏕️
candle	🕯️
candy	🍬
canoe	🛶
car	🚗
carrot	🥕
cash	💵
castle	🏰
cat	🐈
chains	⛓️
chair	🪑
check	✅
cherries	🍒
chestnut	🌰
chicken	🐔
child	🧒
chipmunk	🐿️
chopsticks	🥢
christmas	🎄
church	⛪
cigarette	🚬
cinema	🎦
cityscape	🏙️
clamp	🗜️
clap	👏
clipboard	📋
cloud	☁️
coat	🧥
cockroach	🪳
coconut	🥥
coffee	☕
coffin	⚰️
coin	🪙
cold	🥶
collision	💥
comet	☄️
compass	🧭
congrats	🎉
congratulations	🎉
construction	🚧
cook	🧑‍🍳
cookie	🍪
cooking	🍳
cool	😎
copyright	©️
coral	🪸
cow	🐄
crab	🦀
crayon	🖍️
cricket	🦗
crocodile	🐊
croissant	🥐
crown	👑
crutch	🩼
cry	😭
cucumber	🥒
cupcake	🧁
custard	🍮
customs	🛃
cyclone	🌀
dagger	🗡️
dango	🍡
dead	💀
deer	🦌
desert	🏜️
detective	🕵️
divide	➗
dizzy	💫
dna	🧬
dodo	🦤
dog	🐕
dolphin	🐬
done	✅
door	🚪
doughnut	🍩
dove	🕊️
dragon	🐉
dress	👗
droplet	💧
drum	🥁
duck	🦆
dumpling	🥟
dvd	📀
eagle	🦅
ear	👂
egg	🥚
eggplant	🍆
elephant	🐘
elevator	🛗
elf	🧝
envelope	✉️
ewe	🐑
eye	👁️
eyes	👀
factory	🏭
fairy	🧚
falafel	🧆
family	👪
farmer	🧑‍🌾
feather	🪶
ferry	⛴️
fire	🔥
firecracker	🧨
firefighter	🧑‍🚒
fireworks	🎆
fish	🐟
flamingo	🦩
flashlight	🔦
flatbread	🫓
fly	🪰
fog	🌫️
foggy	🌁
fondue	🫕
food	🍽️
foot	🦶
footprints	👣
fountain	⛲
fox	🦊
frog	🐸
funny	😂
garlic	🧄
gear	⚙️
genie	🧞
ghost	👻
gift	🎁
giraffe	🦒
girl	👧
glasses	👓
gloves	🧤
goat	🐐
goblin	👺
goggles	🥽
good	👍
gorilla	🦍
grapes	🍇
great	👍
guard	💂
guitar	🎸
haha	😂
hamburger	🍔
hammer	🔨
hamsa	🪬
hamster	🐹
handbag	👜
handshake	🤝
happy	😊
headphone	🎧
headstone	🪦
heart	❤️
hedgehog	🦔
helicopter	🚁
hello	👋
herb	🌿
hi	👋
hibiscus	🌺
hippopotamus	🦛
hmm	🤔
hole	🕳️
home	🏠
honeybee	🐝
hook	🪝
horse	🐎
hospital	🏥
hot	🔥
hotel	🏨
house	🏠
houses	🏘️
hungry	😋
hut	🛖
ice	🧊
idk	🤷
infinity	♾️
information	ℹ️
jar	🫙
jeans	👖
joker	🃏
joystick	🕹️
judge	🧑‍⚖️
kaaba	🕋
kangaroo	🦘
key	🔑
keyboard	⌨️
kimono	👘
kiss	😘
kite	🪁
knot	🪢
koala	🐨
label	🏷️
lacrosse	🥍
ladder	🪜
laptop	💻
ledger	📒
leg	🦵
lemon	🍋
leopard	🐆
link	🔗
lion	🦁
lipstick	💄
lit	🔥
lizard	🦎
llama	🦙
lobster	🦞
locked	🔒
locomotive	🚂
lol	😂
lollipop	🍭
look	👀
lotus	🪷
loudspeaker	📢
love	❤️
luggage	🧳
lungs	🫁
mad	😠
mage	🧙
magnet	🧲
mammoth	🦣
man	👨
mango	🥭
mate	🧉
mechanic	🧑‍🔧
megaphone	📣
melon	🍈
memo	📝
menorah	🕎
mermaid	🧜‍♀️
merman	🧜‍♂️
merperson	🧜
metro	🚇
microbe	🦠
microphone	🎤
microscope	🔬
minibus	🚐
minus	➖
mirror	🪞
moai	🗿
money	💰
monkey	🐒
monorail	🚝
morning	🌅
mosque	🕌
mosquito	🦟
motorcycle	🏍️
motorway	🛣️
mountain	⛰️
mouse	🐁
mouth	👄
multiply	✖️
muscle	💪
mushroom	🍄
music	🎵
necktie	👔
newspaper	📰
night	🌙
ninja	🥷
no	❌
nose	👃
notebook	📓
octopus	🐙
oden	🍢
ogre	👹
ok	👍
okay	👍
olive	🫒
om	🕉️
onion	🧅
orangutan	🦧
otter	🦦
owl	🦉
ox	🐂
oyster	🦪
package	📦
pager	📟
paintbrush	🖌️
pancakes	🥞
panda	🐼
paperclip	📎
parachute	🪂
parrot	🦜
party	🎉
peach	🍑
peacock	🦚
peanuts	🥜
pear	🍐
pen	🖊️
pencil	✏️
penguin	🐧
perfect	💯
person	🧑
phone	📱
pick	⛏️
pie	🥧
pig	🐖
pill	💊
pilot	🧑‍✈️
pineapple	🍍
pizza	🍕
placard	🪧
please	🙏
plunger	🪠
plus	➕
poodle	🐩
popcorn	🍿
postbox	📮
potato	🥔
pretzel	🥨
prince	🤴
princess	👸
printer	🖨️
prohibited	🚫
purse	👛
pushpin	📌
rabbit	🐇
raccoon	🦝
radio	📻
radioactive	☢️
rain	🌧️
rainbow	🌈
ram	🐏
rat	🐀
razor	🪒
receipt	🧾
registered	®️
restroom	🚻
rhinoceros	🦏
ribbon	🎀
ring	💍
robot	🤖
rock	🪨
rocket	🚀
rooster	🐓
rose	🌹
rosette	🏵️
sad	😢
sailboat	⛵
sake	🍶
salt	🧂
sandwich	🥪
sari	🥻
satellite	🛰️
sauropod	🦕
saxophone	🎷
scarf	🧣
school	🏫
scientist	🧑‍🔬
scissors	✂️
scorpion	🦂
screwdriver	🪛
scroll	📜
seal	🦭
seat	💺
seedling	🌱
selfie	🤳
shamrock	☘️
shark	🦈
shield	🛡️
ship	🚢
shortcake	🍰
shorts	🩳
shower	🚿
shrimp	🦐
shrug	🤷
sick	🤒
singer	🧑‍🎤
skateboard	🛹
skier	⛷️
skis	🎿
skull	💀
skunk	🦨
sled	🛷
sleep	😴
sloth	🦥
smile	😊
snail	🐌
snake	🐍
snow	❄️
snowboarder	🏂
snowflake	❄️
snowman	☃️
soap	🧼
socks	🧦
softball	🥎
sorry	😔
spaghetti	🍝
sparkle	❇️
sparkler	🎇
sparkles	✨
speedboat	🚤
spider	🕷️
sponge	🧽
spoon	🥄
squid	🦑
stadium	🏟️
star	⭐
station	🚉
stethoscope	🩺
stopwatch	⏱️
strawberry	🍓
strong	💪
student	🧑‍🎓
sun	☀️
sunflower	🌻
sunglasses	🕶️
sunny	☀️
sunrise	🌅
sunset	🌇
superhero	🦸
supervillain	🦹
sushi	🍣
swan	🦢
synagogue	🕍
syringe	💉
taco	🌮
tamale	🫔
tangerine	🍊
taxi	🚕
teacher	🧑‍🏫
teapot	🫖
technologist	🧑‍💻
telephone	☎️
telescope	🔭
television	📺
tennis	🎾
tent	⛺
thank	🙏
thanks	🙏
thermometer	🌡️
think	🤔
thread	🧵
ticket	🎫
tiger	🐅
tired	😴
toilet	🚽
tomato	🍅
tongue	👅
toolbox	🧰
tooth	🦷
toothbrush	🪥
tornado	🌪️
trackball	🖲️
tractor	🚜
train	🚆
tram	🚊
troll	🧌
trolleybus	🚎
trophy	🏆
trumpet	🎺
tulip	🌷
turkey	🦃
turtle	🐢
umbrella	☂️
unicorn	🦄
unlocked	🔓
vampire	🧛
videocassette	📼
violin	🎻
volcano	🌋
volleyball	🏐
waffle	🧇
warning	⚠️
wastebasket	🗑️
watch	⌚
watermelon	🍉
wedding	💒
whale	🐋
wheel	🛞
window	🪟
wine	🍷
wolf	🐺
woman	👩
wood	🪵
work	💼
worm	🪱
wow	😮
wrench	🔧
wrong	❌
yarn	🧶
yes	👍
yum	😋
zebra	🦓
zombie	🧟
